{
  "5": {
    "p_base_rise": 0.009107654523127302,
    "p_base_fall": 0.00757265656979124,
    "support_position": {
      "between": {
        "rise_5": 0.012789620018535681,
        "fall_5": 0.010936051899907321
      },
      "near_support": {
        "rise_5": 0.0013831258644536654,
        "fall_5": 0.004149377593360996
      },
      "near_resistance": {
        "rise_5": 0.005199781061850027,
        "fall_5": 0.003284072249589491
      }
    },
    "global_trend": {
      "bearish": {
        "rise_5": 0.007886435331230283,
        "fall_5": 0.00405588102748986
      },
      "neutral": {
        "rise_5": 0.016516516516516516,
        "fall_5": 0.014264264264264264
      },
      "bullish": {
        "rise_5": 0.0079960019990005,
        "fall_5": 0.009245377311344328
      }
    },
    "volume_category": {
      "low": {
        "rise_5": 0.010895619960775768,
        "fall_5": 0.004794072782741338
      },
      "normal": {
        "rise_5": 0.0034129692832764505,
        "fall_5": 0.008288639687957094
      },
      "very_low": {
        "rise_5": 0.006619144602851324,
        "fall_5": 0.004073319755600814
      },
      "high": {
        "rise_5": 0.005420054200542005,
        "fall_5": 0.017615176151761516
      },
      "very_high": {
        "rise_5": 0.03488372093023256,
        "fall_5": 0.03255813953488372
      }
    }
  },
  "15": {
    "p_base_rise": 0.055976258698321735,
    "p_base_fall": 0.042468276708964386,
    "support_position": {
      "between": {
        "rise_15": 0.07210379981464318,
        "fall_15": 0.060426320667284525
      },
      "near_support": {
        "rise_15": 0.027662517289073305,
        "fall_15": 0.022130013831258646
      },
      "near_resistance": {
        "rise_15": 0.03776683087027915,
        "fall_15": 0.019978106185002738
      }
    },
    "global_trend": {
      "bearish": {
        "rise_15": 0.04348805768364128,
        "fall_15": 0.031095087877422264
      },
      "neutral": {
        "rise_15": 0.07132132132132132,
        "fall_15": 0.0503003003003003
      },
      "bullish": {
        "rise_15": 0.0647176411794103,
        "fall_15": 0.05247376311844078
      }
    },
    "volume_category": {
      "low": {
        "rise_15": 0.05643931139681848,
        "fall_15": 0.02963608629331009
      },
      "normal": {
        "rise_15": 0.03705509507557289,
        "fall_15": 0.05021940516821063
      },
      "very_low": {
        "rise_15": 0.062118126272912425,
        "fall_15": 0.03513238289205703
      },
      "high": {
        "rise_15": 0.04742547425474255,
        "fall_15": 0.06233062330623306
      },
      "very_high": {
        "rise_15": 0.12790697674418605,
        "fall_15": 0.14186046511627906
      }
    }
  },
  "30": {
    "p_base_rise": 0.12648383135489152,
    "p_base_fall": 0.1010028653295129,
    "support_position": {
      "between": {
        "rise_30": 0.1571825764596849,
        "fall_30": 0.12771084337349398
      },
      "near_support": {
        "rise_30": 0.04979253112033195,
        "fall_30": 0.06085753803596127
      },
      "near_resistance": {
        "rise_30": 0.0963327859879584,
        "fall_30": 0.06951286261631089
      }
    },
    "global_trend": {
      "bearish": {
        "rise_30": 0.09666516448850834,
        "fall_30": 0.08607480847228481
      },
      "neutral": {
        "rise_30": 0.15840840840840842,
        "fall_30": 0.11411411411411411
      },
      "bullish": {
        "rise_30": 0.1489255372313843,
        "fall_30": 0.11319340329835083
      }
    },
    "volume_category": {
      "low": {
        "rise_30": 0.1035083896273698,
        "fall_30": 0.08694704728699063
      },
      "normal": {
        "rise_30": 0.10141394441735739,
        "fall_30": 0.12140419307654803
      },
      "very_low": {
        "rise_30": 0.1690427698574338,
        "fall_30": 0.07433808553971487
      },
      "high": {
        "rise_30": 0.15176151761517614,
        "fall_30": 0.11924119241192412
      },
      "very_high": {
        "rise_30": 0.2534883720930233,
        "fall_30": 0.2441860465116279
      }
    }
  },
  "60": {
    "p_base_rise": 0.25399099467867375,
    "p_base_fall": 0.1823577568563242,
    "support_position": {
      "between": {
        "rise_60": 0.29156626506024097,
        "fall_60": 0.2164967562557924
      },
      "near_support": {
        "rise_60": 0.11203319502074689,
        "fall_60": 0.14246196403872752
      },
      "near_resistance": {
        "rise_60": 0.22660098522167488,
        "fall_60": 0.13984674329501914
      }
    },
    "global_trend": {
      "bearish": {
        "rise_60": 0.16674177557458314,
        "fall_60": 0.17981072555205047
      },
      "neutral": {
        "rise_60": 0.44294294294294295,
        "fall_60": 0.17267267267267267
      },
      "bullish": {
        "rise_60": 0.28785607196401797,
        "fall_60": 0.18840579710144928
      }
    },
    "volume_category": {
      "low": {
        "rise_60": 0.21246458923512748,
        "fall_60": 0.18762257572455873
      },
      "normal": {
        "rise_60": 0.2554851292052657,
        "fall_60": 0.19210141394441735
      },
      "very_low": {
        "rise_60": 0.26578411405295316,
        "fall_60": 0.14205702647657842
      },
      "high": {
        "rise_60": 0.37398373983739835,
        "fall_60": 0.15311653116531165
      },
      "very_high": {
        "rise_60": 0.43023255813953487,
        "fall_60": 0.313953488372093
      }
    }
  }
}